Metric,Value
Test Loss,0.7469896078109741
Test Accuracy,0.7147499918937683
